feature,importance
dayofweek,0.8380533628281652
is_restorative,0.12737665600561282
is_hygiene,0.028415584250712823
month,0.006154396915509203
