feature,importance
dayofweek,0.7914013412568668
is_hygiene,0.14540735660143242
month,0.03422518101756448
is_restorative,0.028966121124136258
